{
  "related": [
    {
      "count": 4,
      "url": "http://tanakaryusaku.jp/2012/04/0004087",
      "eid": 89721370,
      "title": "\u3010\u798f\u4e95\u5831\u544a\u3011\u3000\u4ed9\u8c37\u6c0f\u3000\u300c\u5927\u98ef\u539f\u767a\u518d\u7a3c\u50cd\u300d\u306b\u5411\u3051\u3066\u5730\u5143\u8b70\u54e1\u306e\u30cd\u30b8\u3092\u5dfb\u304f : \u7530\u4e2d\u9f8d\u4f5c\u30b8\u30e3\u30fc\u30ca\u30eb",
      "entry_url": "http://b.hatena.ne.jp/entry/tanakaryusaku.jp/2012/04/0004087"
    },
    {
      "count": 2,
      "url": "https://code.google.com/p/ldreader/",
      "eid": 234446462,
      "title": "ldreader - LDReader is livedoor Reader client for android - Google Project Hosting",
      "entry_url": "http://b.hatena.ne.jp/entry/s/code.google.com/p/ldreader/"
    },
    {
      "count": 1,
      "url": "https://api.screenname.aol.com/auth/login?devId=ao101LsAXCqh84&f=qs&language=en-us&tokenType=longterm&supportedIdType=aol,facebook,twitter,google&succUrl=http%3A%2F%2Freader.aol.com%2Flogin%3Fr_hash%3D%2523home",
      "eid": 234059668,
      "title": "Sign In",
      "entry_url": "http://b.hatena.ne.jp/entry/s/api.screenname.aol.com/auth/login?devId=ao101LsAXCqh84&f=qs&language=en-us&tokenType=longterm&supportedIdType=aol,facebook,twitter,google&succUrl=http%3A%2F%2Freader.aol.com%2Flogin%3Fr_hash%3D%2523home"
    },
    {
      "count": 1,
      "url": "http://pear.plus-server.net/package.xml.xml-rss.html",
      "eid": 1827908,
      "title": "package.xml.xml-rss.html",
      "entry_url": "http://b.hatena.ne.jp/entry/pear.plus-server.net/package.xml.xml-rss.html"
    },
    {
      "count": 1,
      "url": "http://buff.ly/1fmE3lc",
      "eid": 173965602,
      "title": "Happiness of the Day\u3000\u4f55\u3082\u5909\u308f\u3089\u306a\u3044\u666f\u8272 \uff56\uff53 \u907f\u96e3\u3057\u306a\u3051\u308c\u3070\u306a\u3089\u306a\u3044\u73fe\u5b9f",
      "entry_url": "http://b.hatena.ne.jp/entry/buff.ly/1fmE3lc"
    }
  ],
  "count": 2,
  "bookmarks": [
    {
      "comment": "",
      "timestamp": "2013/12/17 00:14:16",
      "user": "peketamin",
      "tags": [
        "rss"
      ]
    }
  ],
  "url": "http://b.hatena.ne.jp/hotentry/it.rss",
  "eid": 14779427,
  "title": "\u306f\u3066\u306a\u30d6\u30c3\u30af\u30de\u30fc\u30af - \u4eba\u6c17\u30a8\u30f3\u30c8\u30ea\u30fc - \u30b3\u30f3\u30d4\u30e5\u30fc\u30bf\u30fb",
  "screenshot": "http://screenshot.hatena.ne.jp/images/200x150/a/2/8/f/f/b97a32f4de0de8059d70c96ac6910b94e9c.jpg",
  "entry_url": "http://b.hatena.ne.jp/entry/b.hatena.ne.jp/hotentry/it.rss"
}
