{
  "count": 424,
  "url": "http://serihiro.hatenablog.com/entry/2016/12/22/000000",
  "eid": 313379607,
  "title": "\u3053\u3093\u306a\u79c1\u3067\u3082\u30cb\u30e5\u30fc\u30e9\u30eb\u30cd\u30c3\u30c8\u30ef\u30fc\u30af\u3092\u30b9\u30af\u30e9\u30c3\u30c1\u3067\u5b9f\u88c5\u3067\u304d\u307e\u3057\u305f(30\u6b73 \u7537\u6027\uff09 - seri::diary",
  "screenshot": "http://screenshot.hatena.ne.jp/images/200x150/f/f/2/3/c/d097c144ab8554ab3c6af454d3b8a291be4.jpg",
  "entry_url": "http://b.hatena.ne.jp/entry/serihiro.hatenablog.com/entry/2016/12/22/000000"
}