{
  "project_info": {
    "project_number": "266370342393",
    "firebase_url": "https://filteredhatebu.firebaseio.com",
    "project_id": "filteredhatebu",
    "storage_bucket": "filteredhatebu.appspot.com"
  },
  "client": [
    {
      "client_info": {
        "mobilesdk_app_id": "1:266370342393:android:29120938e9d4fb71",
        "android_client_info": {
          "package_name": "jp.gcreate.product.filteredhatebu.mock.debug"
        }
      },
      "oauth_client": [
        {
          "client_id": "266370342393-qfgpb50h64ivk379ib7n5opim6u5pdfi.apps.googleusercontent.com",
          "client_type": 1,
          "android_info": {
            "package_name": "jp.gcreate.product.filteredhatebu.mock.debug",
            "certificate_hash": "9AFC20DA979499CBEEFAB0EEF0FF9B9CBF8C7DD7"
          }
        },
        {
          "client_id": "266370342393-p4em02od7oejuqd4rbgm9v8kggj6ahf5.apps.googleusercontent.com",
          "client_type": 3
        }
      ],
      "api_key": [
        {
          "current_key": "AIzaSyD4GSLLzT6K9yIdr4FxGSi518uBWF7otSA"
        }
      ],
      "services": {
        "analytics_service": {
          "status": 1
        },
        "appinvite_service": {
          "status": 2,
          "other_platform_oauth_client": [
            {
              "client_id": "266370342393-p4em02od7oejuqd4rbgm9v8kggj6ahf5.apps.googleusercontent.com",
              "client_type": 3
            }
          ]
        },
        "ads_service": {
          "status": 2
        }
      }
    },
    {
      "client_info": {
        "mobilesdk_app_id": "1:266370342393:android:0e9d784ff5703651",
        "android_client_info": {
          "package_name": "jp.gcreate.product.filteredhatebu.debug"
        }
      },
      "oauth_client": [
        {
          "client_id": "266370342393-jqpkjgo3buptfs6e7a6lr7the0g1t6ei.apps.googleusercontent.com",
          "client_type": 1,
          "android_info": {
            "package_name": "jp.gcreate.product.filteredhatebu.debug",
            "certificate_hash": "9AFC20DA979499CBEEFAB0EEF0FF9B9CBF8C7DD7"
          }
        },
        {
          "client_id": "266370342393-p4em02od7oejuqd4rbgm9v8kggj6ahf5.apps.googleusercontent.com",
          "client_type": 3
        }
      ],
      "api_key": [
        {
          "current_key": "AIzaSyD4GSLLzT6K9yIdr4FxGSi518uBWF7otSA"
        }
      ],
      "services": {
        "analytics_service": {
          "status": 1
        },
        "appinvite_service": {
          "status": 2,
          "other_platform_oauth_client": [
            {
              "client_id": "266370342393-p4em02od7oejuqd4rbgm9v8kggj6ahf5.apps.googleusercontent.com",
              "client_type": 3
            }
          ]
        },
        "ads_service": {
          "status": 2
        }
      }
    },
    {
      "client_info": {
        "mobilesdk_app_id": "1:266370342393:android:ba90c3350ab18a36",
        "android_client_info": {
          "package_name": "jp.gcreate.product.filteredhatebu"
        }
      },
      "oauth_client": [
        {
          "client_id": "266370342393-2radhg098bnqsuujl8m8dgu74hnd55t6.apps.googleusercontent.com",
          "client_type": 1,
          "android_info": {
            "package_name": "jp.gcreate.product.filteredhatebu",
            "certificate_hash": "AE9F7C6A5C797E380072E18BC8F48A097E34FB95"
          }
        },
        {
          "client_id": "266370342393-p4em02od7oejuqd4rbgm9v8kggj6ahf5.apps.googleusercontent.com",
          "client_type": 3
        }
      ],
      "api_key": [
        {
          "current_key": "AIzaSyD4GSLLzT6K9yIdr4FxGSi518uBWF7otSA"
        }
      ],
      "services": {
        "analytics_service": {
          "status": 1
        },
        "appinvite_service": {
          "status": 2,
          "other_platform_oauth_client": [
            {
              "client_id": "266370342393-p4em02od7oejuqd4rbgm9v8kggj6ahf5.apps.googleusercontent.com",
              "client_type": 3
            }
          ]
        },
        "ads_service": {
          "status": 2
        }
      }
    },
    {
      "client_info": {
        "mobilesdk_app_id": "1:266370342393:android:3c547fa5c0653192",
        "android_client_info": {
          "package_name": "jp.gcreate.product.filteredhatebu.mock"
        }
      },
      "oauth_client": [
        {
          "client_id": "266370342393-djhnv09a48b08p72gg97bvvcfd6ioa33.apps.googleusercontent.com",
          "client_type": 1,
          "android_info": {
            "package_name": "jp.gcreate.product.filteredhatebu.mock",
            "certificate_hash": "AE9F7C6A5C797E380072E18BC8F48A097E34FB95"
          }
        },
        {
          "client_id": "266370342393-p4em02od7oejuqd4rbgm9v8kggj6ahf5.apps.googleusercontent.com",
          "client_type": 3
        }
      ],
      "api_key": [
        {
          "current_key": "AIzaSyD4GSLLzT6K9yIdr4FxGSi518uBWF7otSA"
        }
      ],
      "services": {
        "analytics_service": {
          "status": 1
        },
        "appinvite_service": {
          "status": 2,
          "other_platform_oauth_client": [
            {
              "client_id": "266370342393-p4em02od7oejuqd4rbgm9v8kggj6ahf5.apps.googleusercontent.com",
              "client_type": 3
            }
          ]
        },
        "ads_service": {
          "status": 2
        }
      }
    }
  ],
  "configuration_version": "1"
}