{
  "formatVersion": 1,
  "database": {
    "version": 5,
    "identityHash": "63c9d3486202119d46ecfe39f61af418",
    "entities": [
      {
        "tableName": "feed_data",
        "createSql": "CREATE TABLE IF NOT EXISTS `${TABLE_NAME}` (`url` TEXT NOT NULL, `title` TEXT NOT NULL, `summary` TEXT NOT NULL, `pubDate` INTEGER NOT NULL, `count` INTEGER NOT NULL, `isArchived` INTEGER NOT NULL, `isFavorite` INTEGER NOT NULL, PRIMARY KEY(`url`))",
        "fields": [
          {
            "fieldPath": "url",
            "columnName": "url",
            "affinity": "TEXT",
            "notNull": true
          },
          {
            "fieldPath": "title",
            "columnName": "title",
            "affinity": "TEXT",
            "notNull": true
          },
          {
            "fieldPath": "summary",
            "columnName": "summary",
            "affinity": "TEXT",
            "notNull": true
          },
          {
            "fieldPath": "pubDate",
            "columnName": "pubDate",
            "affinity": "INTEGER",
            "notNull": true
          },
          {
            "fieldPath": "count",
            "columnName": "count",
            "affinity": "INTEGER",
            "notNull": true
          },
          {
            "fieldPath": "isArchived",
            "columnName": "isArchived",
            "affinity": "INTEGER",
            "notNull": true
          },
          {
            "fieldPath": "isFavorite",
            "columnName": "isFavorite",
            "affinity": "INTEGER",
            "notNull": true
          }
        ],
        "primaryKey": {
          "columnNames": [
            "url"
          ],
          "autoGenerate": false
        },
        "indices": [],
        "foreignKeys": []
      },
      {
        "tableName": "filtered_feed",
        "createSql": "CREATE TABLE IF NOT EXISTS `${TABLE_NAME}` (`filteredId` INTEGER NOT NULL, `filteredUrl` TEXT NOT NULL, PRIMARY KEY(`filteredId`, `filteredUrl`), FOREIGN KEY(`filteredId`) REFERENCES `feed_filter`(`id`) ON UPDATE NO ACTION ON DELETE CASCADE , FOREIGN KEY(`filteredUrl`) REFERENCES `feed_data`(`url`) ON UPDATE NO ACTION ON DELETE CASCADE )",
        "fields": [
          {
            "fieldPath": "filteredId",
            "columnName": "filteredId",
            "affinity": "INTEGER",
            "notNull": true
          },
          {
            "fieldPath": "filteredUrl",
            "columnName": "filteredUrl",
            "affinity": "TEXT",
            "notNull": true
          }
        ],
        "primaryKey": {
          "columnNames": [
            "filteredId",
            "filteredUrl"
          ],
          "autoGenerate": false
        },
        "indices": [],
        "foreignKeys": [
          {
            "table": "feed_filter",
            "onDelete": "CASCADE",
            "onUpdate": "NO ACTION",
            "columns": [
              "filteredId"
            ],
            "referencedColumns": [
              "id"
            ]
          },
          {
            "table": "feed_data",
            "onDelete": "CASCADE",
            "onUpdate": "NO ACTION",
            "columns": [
              "filteredUrl"
            ],
            "referencedColumns": [
              "url"
            ]
          }
        ]
      },
      {
        "tableName": "feed_filter",
        "createSql": "CREATE TABLE IF NOT EXISTS `${TABLE_NAME}` (`id` INTEGER PRIMARY KEY AUTOINCREMENT NOT NULL, `filter` TEXT NOT NULL, `createdAt` INTEGER NOT NULL)",
        "fields": [
          {
            "fieldPath": "id",
            "columnName": "id",
            "affinity": "INTEGER",
            "notNull": true
          },
          {
            "fieldPath": "filter",
            "columnName": "filter",
            "affinity": "TEXT",
            "notNull": true
          },
          {
            "fieldPath": "createdAt",
            "columnName": "createdAt",
            "affinity": "INTEGER",
            "notNull": true
          }
        ],
        "primaryKey": {
          "columnNames": [
            "id"
          ],
          "autoGenerate": true
        },
        "indices": [
          {
            "name": "index_feed_filter_filter",
            "unique": true,
            "columnNames": [
              "filter"
            ],
            "createSql": "CREATE UNIQUE INDEX `index_feed_filter_filter` ON `${TABLE_NAME}` (`filter`)"
          }
        ],
        "foreignKeys": []
      },
      {
        "tableName": "deleted_feed",
        "createSql": "CREATE TABLE IF NOT EXISTS `${TABLE_NAME}` (`url` TEXT NOT NULL, PRIMARY KEY(`url`))",
        "fields": [
          {
            "fieldPath": "url",
            "columnName": "url",
            "affinity": "TEXT",
            "notNull": true
          }
        ],
        "primaryKey": {
          "columnNames": [
            "url"
          ],
          "autoGenerate": false
        },
        "indices": [],
        "foreignKeys": []
      },
      {
        "tableName": "debug_work_log",
        "createSql": "CREATE TABLE IF NOT EXISTS `${TABLE_NAME}` (`id` INTEGER PRIMARY KEY AUTOINCREMENT NOT NULL, `runAt` INTEGER NOT NULL, `result` TEXT NOT NULL, `runAtStr` TEXT NOT NULL)",
        "fields": [
          {
            "fieldPath": "id",
            "columnName": "id",
            "affinity": "INTEGER",
            "notNull": true
          },
          {
            "fieldPath": "runAt",
            "columnName": "runAt",
            "affinity": "INTEGER",
            "notNull": true
          },
          {
            "fieldPath": "result",
            "columnName": "result",
            "affinity": "TEXT",
            "notNull": true
          },
          {
            "fieldPath": "runAtStr",
            "columnName": "runAtStr",
            "affinity": "TEXT",
            "notNull": true
          }
        ],
        "primaryKey": {
          "columnNames": [
            "id"
          ],
          "autoGenerate": true
        },
        "indices": [],
        "foreignKeys": []
      }
    ],
    "setupQueries": [
      "CREATE TABLE IF NOT EXISTS room_master_table (id INTEGER PRIMARY KEY,identity_hash TEXT)",
      "INSERT OR REPLACE INTO room_master_table (id,identity_hash) VALUES(42, \"63c9d3486202119d46ecfe39f61af418\")"
    ]
  }
}